,file,drop,pre_length,post_start,post_length,switch,label,dataset,prediction
0,session_2021-06-28-21_58_23.csv,150,722,93,300,False,1,train,3
1,Group 2.csv,150,725,202,300,False,2,train,3
2,session_2021-06-29-22_24_14.csv,150,715,195,300,False,2,train,2
3,session_2021-07-19-11_40_00.csv,150,714,401,300,False,3,train,1
4,Group 2.csv,150,725,274,300,True,2,train,2
5,session_2021-06-28-21_47_59.csv,150,721,353,300,True,1,train,2
6,session_2021-06-28-21_51_04.csv,150,717,314,300,True,2,train,2
7,Group 2.csv,150,725,420,300,True,2,train,2
8,session_2021-06-29-22_17_56.csv,150,720,157,300,True,1,train,1
9,session_2021-06-28-17_56_16.csv,150,700,199,300,True,2,train,2
10,session_2021-06-28-21_46_21.csv,150,708,304,300,False,1,train,1
11,session_2021-06-29-22_17_56.csv,150,720,353,300,False,1,train,1
12,Group 2.csv,150,725,406,300,False,1,train,1
13,session_2021-06-28-21_47_59.csv,150,721,280,300,False,1,train,3
14,session_2021-07-19-11_24_09.csv,150,687,368,300,False,2,train,2
15,Group 2.csv,150,725,35,300,False,3,train,3
16,session_2021-06-29-22_23_10.csv,150,716,265,300,False,1,train,1
17,session_2021-06-28-21_44_21.csv,150,717,13,300,False,2,train,2
18,session_2021-06-28-21_50_01.csv,150,687,148,300,True,1,train,2
19,session_2021-06-28-21_50_01.csv,150,687,138,300,False,1,train,3
20,Group 2.csv,150,725,222,300,False,3,train,3
21,session_2021-06-28-21_54_19.csv,150,723,417,300,True,2,train,2
22,Group 2.csv,150,725,317,300,False,2,train,2
23,session_2021-06-28-21_51_04.csv,150,717,111,300,True,2,train,2
24,session_2021-06-29-22_15_53.csv,150,696,152,300,False,1,train,2
25,session_2021-07-19-11_30_59.csv,150,719,416,300,True,2,train,2
26,Group 2.csv,150,725,102,300,True,3,train,3
27,Group 2.csv,150,725,295,300,False,1,train,2
28,session_2021-07-19-11_33_06.csv,150,658,276,300,False,3,train,3
29,session_2021-06-28-17_44_26.csv,150,688,370,300,False,2,train,2
30,session_2021-07-19-11_40_00.csv,150,714,158,300,False,3,train,1
31,session_2021-06-28-21_56_20.csv,150,646,74,300,True,2,train,1
32,session_2021-07-19-11_37_12.csv,150,720,194,300,True,2,train,2
33,Group 2.csv,150,725,143,300,False,3,train,2
34,session_2021-06-29-22_43_51.csv,150,722,71,300,False,3,train,3
35,session_2021-07-19-11_40_00.csv,150,714,244,300,True,2,train,1
36,session_2021-06-28-17_51_17.csv,150,718,207,300,True,2,train,1
37,session_2021-06-29-08_27_11.csv,150,719,414,300,False,1,train,1
38,session_2021-06-28-17_57_27.csv,150,643,136,300,False,1,train,1
39,session_2021-07-19-11_39_04.csv,150,658,160,300,True,2,train,1
40,session_2021-06-29-22_43_51.csv,150,722,100,300,True,2,train,2
41,session_2021-06-29-20_09_40.csv,150,718,197,300,False,1,train,2
42,session_2021-06-28-17_52_22.csv,150,719,43,300,True,1,train,1
43,session_2021-06-28-17_57_27.csv,150,643,341,300,False,1,train,1
44,session_2021-06-29-22_49_16.csv,150,721,367,300,True,1,train,2
45,session_2021-06-29-22_37_01.csv,150,723,394,300,True,2,train,2
46,session_2021-06-29-22_19_19.csv,150,704,110,300,False,1,train,1
47,session_2021-07-19-11_37_12.csv,150,720,193,300,True,2,train,2
48,Group 2.csv,150,725,111,300,False,2,train,2
49,session_2021-07-19-11_30_59.csv,150,719,396,300,True,2,train,2
50,session_2021-06-29-22_19_19.csv,150,704,260,300,True,1,train,1
51,session_2021-07-19-11_42_07.csv,150,718,285,300,True,2,train,2
52,session_2021-06-28-21_44_21.csv,150,717,136,300,False,2,train,2
53,session_2021-06-28-17_44_26.csv,150,688,227,300,False,2,train,2
54,session_2021-06-28-21_44_21.csv,150,717,120,300,False,2,train,2
55,session_2021-06-29-22_15_53.csv,150,696,186,300,False,1,train,2
56,session_2021-06-29-20_11_21.csv,150,719,100,300,False,2,train,2
57,session_2021-06-28-21_56_20.csv,150,646,32,300,False,3,train,1
58,session_2021-06-28-17_43_10.csv,150,672,256,300,False,1,train,1
59,session_2021-06-29-22_37_01.csv,150,723,208,300,True,2,train,2
60,session_2021-07-19-11_42_07.csv,150,718,32,300,False,3,train,1
61,session_2021-06-29-22_43_51.csv,150,722,54,300,True,2,train,2
62,Group 2.csv,150,725,389,300,True,1,train,1
63,session_2021-06-28-21_54_19.csv,150,723,325,300,False,3,train,1
64,session_2021-06-29-22_39_33.csv,150,719,396,300,True,2,train,2
65,Group 2.csv,150,725,99,300,False,2,train,2
66,session_2021-06-29-22_43_51.csv,150,722,363,300,True,2,train,2
67,session_2021-06-29-20_09_40.csv,150,718,165,300,True,1,train,1
68,Group 2.csv,150,725,284,300,False,1,train,2
69,session_2021-06-29-22_23_10.csv,150,716,380,300,False,1,train,1
70,session_2021-07-19-11_29_30.csv,150,721,216,300,True,3,train,3
71,session_2021-07-19-11_39_04.csv,150,658,149,300,True,2,train,1
72,session_2021-07-19-11_39_04.csv,150,658,138,300,False,3,train,1
73,session_2021-06-29-22_24_14.csv,150,715,274,300,False,2,train,2
74,session_2021-06-29-22_26_44.csv,150,703,358,300,False,2,train,2
75,Group 2.csv,150,725,362,300,False,2,train,2
76,session_2021-07-19-11_25_13.csv,150,690,88,300,True,3,train,3
77,session_2021-06-29-22_26_44.csv,150,703,381,300,False,2,train,2
78,Group 2.csv,150,725,394,300,False,1,train,1
79,session_2021-06-29-22_26_44.csv,150,703,365,300,False,2,train,2
80,session_2021-07-19-11_26_06.csv,150,719,395,300,True,3,train,3
81,session_2021-06-28-21_45_25.csv,150,691,61,300,True,3,train,2
82,Group 2.csv,150,725,414,300,False,3,train,3
83,session_2021-06-28-21_56_20.csv,150,646,179,300,True,2,train,1
84,session_2021-06-29-22_17_56.csv,150,720,290,300,False,1,train,1
85,Group 2.csv,150,725,64,300,True,1,train,3
86,session_2021-06-28-21_40_11.csv,150,736,274,300,False,1,train,3
87,session_2021-06-28-21_46_21.csv,150,708,38,300,True,1,train,1
88,Group 2.csv,150,725,154,300,True,2,train,3
89,session_2021-06-28-17_51_17.csv,150,718,251,300,True,2,train,1
90,session_2021-06-29-20_06_51.csv,150,716,166,300,True,1,train,3
91,session_2021-06-29-20_09_40.csv,150,718,344,300,True,1,train,1
92,session_2021-06-28-17_47_03.csv,150,721,269,300,True,3,train,3
93,session_2021-06-29-08_27_11.csv,150,719,26,300,True,1,train,2
94,session_2021-06-29-20_11_21.csv,150,719,389,300,True,3,train,3
95,session_2021-07-19-11_40_00.csv,150,714,316,300,True,2,train,1
96,session_2021-06-28-17_57_27.csv,150,643,168,300,False,1,train,1
97,session_2021-06-29-22_39_33.csv,150,719,292,300,True,2,train,2
98,session_2021-06-28-21_54_19.csv,150,723,26,300,True,2,train,1
99,session_2021-06-29-22_42_47.csv,150,704,388,300,True,2,train,2
100,session_2021-07-19-11_37_12.csv,150,720,134,300,False,3,train,1
101,session_2021-06-29-08_27_11.csv,150,719,207,300,True,1,train,2
102,session_2021-06-29-20_11_21.csv,150,719,165,300,False,2,train,2
103,session_2021-06-28-21_58_23.csv,150,722,233,300,True,1,train,2
104,Group 2.csv,150,725,131,300,False,2,train,2
105,session_2021-06-29-22_42_47.csv,150,704,327,300,True,2,train,2
106,session_2021-06-29-22_17_56.csv,150,720,127,300,True,1,train,1
107,session_2021-07-19-11_22_11.csv,150,627,100,300,True,3,train,3
108,session_2021-06-29-22_37_01.csv,150,723,150,300,False,3,train,3
109,session_2021-07-19-11_26_06.csv,150,719,284,300,True,3,train,3
110,session_2021-06-29-08_27_11.csv,150,719,208,300,True,1,train,2
111,session_2021-06-28-17_45_55.csv,150,734,77,300,True,1,train,1
112,session_2021-06-29-22_39_33.csv,150,719,61,300,False,3,train,3
113,session_2021-06-29-22_24_14.csv,150,715,378,300,True,3,train,3
114,session_2021-06-28-21_47_59.csv,150,721,227,300,False,1,train,3
115,session_2021-06-29-22_15_53.csv,150,696,206,300,True,1,train,1
116,session_2021-06-28-21_54_19.csv,150,723,226,300,True,2,train,2
117,session_2021-06-29-22_19_19.csv,150,704,49,300,False,1,train,1
118,Group 2.csv,150,725,185,300,False,3,train,3
119,session_2021-06-29-22_15_53.csv,150,696,197,300,False,1,train,2
120,session_2021-06-29-22_35_49.csv,150,705,79,300,True,2,train,2
121,session_2021-07-19-11_30_59.csv,150,719,257,300,False,3,train,3
122,session_2021-06-28-21_51_04.csv,150,717,128,300,False,3,train,1
123,session_2021-06-29-22_15_53.csv,150,696,47,300,False,1,train,1
124,session_2021-06-29-22_45_06.csv,150,690,238,300,False,3,train,3
125,Group 2.csv,150,725,132,300,True,2,train,3
126,session_2021-06-28-17_52_22.csv,150,719,125,300,False,1,train,1
127,session_2021-07-19-11_37_12.csv,150,720,87,300,False,3,train,1
128,session_2021-06-29-22_15_53.csv,150,696,346,300,False,1,train,2
129,session_2021-06-29-20_06_51.csv,150,716,93,300,True,1,train,3
130,session_2021-07-19-11_30_59.csv,150,719,229,300,True,2,train,2
131,Group 2.csv,150,725,38,300,False,3,train,3
132,Group 2.csv,150,725,323,300,False,3,train,2
133,session_2021-07-19-11_25_13.csv,150,690,205,300,True,3,train,3
134,Group 2.csv,150,725,43,300,True,3,train,2
135,session_2021-06-29-22_19_19.csv,150,704,84,300,False,1,train,1
136,session_2021-06-28-21_56_20.csv,150,646,7,300,True,2,train,2
137,session_2021-06-28-21_40_11.csv,150,736,16,300,True,1,train,2
138,session_2021-06-28-17_47_03.csv,150,721,248,300,True,3,train,3
139,session_2021-07-19-11_23_10.csv,150,721,170,300,True,3,train,3
140,session_2021-06-28-21_40_11.csv,150,736,94,300,True,1,train,2
141,session_2021-06-28-21_37_46.csv,150,716,2,300,True,1,train,3
142,session_2021-07-19-11_22_11.csv,150,627,2,300,False,2,train,2
143,session_2021-07-19-11_29_30.csv,150,721,385,300,True,3,train,3
144,session_2021-06-28-17_47_03.csv,150,721,377,300,True,3,train,3
145,session_2021-06-29-20_11_21.csv,150,719,243,300,False,2,train,2
146,session_2021-06-28-21_45_25.csv,150,691,74,300,True,3,train,2
147,Group 2.csv,150,725,96,300,False,1,train,2
148,session_2021-06-29-22_39_33.csv,150,719,330,300,False,3,train,1
149,session_2021-07-19-11_24_09.csv,150,687,97,300,True,3,train,3
150,session_2021-07-19-11_37_12.csv,150,720,20,300,True,2,train,2
151,session_2021-07-19-11_25_13.csv,150,690,122,300,True,3,train,3
152,Group 2.csv,150,725,374,300,True,3,train,2
153,session_2021-06-28-21_51_04.csv,150,717,131,300,True,2,train,2
154,session_2021-06-29-20_06_51.csv,150,716,82,300,False,1,train,2
155,session_2021-07-19-11_40_00.csv,150,714,143,300,False,3,train,1
156,session_2021-07-19-11_40_00.csv,150,714,346,300,True,2,train,1
157,session_2021-07-19-11_26_06.csv,150,719,185,300,False,2,train,2
158,Group 2.csv,150,725,49,300,False,3,train,3
159,session_2021-06-29-22_17_56.csv,150,720,124,300,False,1,train,1
160,Group 2.csv,150,725,16,300,False,1,train,3
161,session_2021-06-29-22_19_19.csv,150,704,374,300,False,1,train,1
162,session_2021-07-19-11_30_59.csv,150,719,105,300,True,2,train,2
163,session_2021-07-19-11_29_30.csv,150,721,213,300,False,2,train,2
164,session_2021-06-28-21_47_59.csv,150,721,305,300,False,1,train,3
165,session_2021-06-28-17_44_26.csv,150,688,123,300,True,3,train,3
166,session_2021-06-28-21_37_46.csv,150,716,253,300,True,1,train,1
167,session_2021-06-28-17_45_55.csv,150,734,32,300,False,1,train,1
168,session_2021-06-29-22_26_44.csv,150,703,118,300,False,2,train,2
169,Group 2.csv,150,725,367,300,True,2,train,2
170,session_2021-06-28-17_56_16.csv,150,700,265,300,False,3,train,1
171,session_2021-06-29-20_11_21.csv,150,719,197,300,True,3,train,3
172,session_2021-06-28-17_45_55.csv,150,734,43,300,True,1,train,1
173,Group 2.csv,150,725,382,300,True,1,train,1
174,session_2021-06-28-17_47_03.csv,150,721,328,300,False,2,train,2
175,session_2021-06-29-22_24_14.csv,150,715,39,300,True,3,train,3
176,session_2021-06-29-20_09_40.csv,150,718,218,300,False,1,train,2
177,session_2021-06-28-21_50_01.csv,150,687,324,300,False,1,train,3
178,session_2021-07-19-11_42_07.csv,150,718,111,300,False,3,train,1
179,Group 2.csv,150,725,371,300,True,3,train,2
180,session_2021-06-28-21_58_23.csv,150,722,205,300,True,1,train,2
181,session_2021-06-29-22_45_06.csv,150,690,230,300,False,3,train,3
182,session_2021-06-29-22_19_19.csv,150,704,48,300,False,1,train,1
183,Group 2.csv,150,725,234,300,True,3,train,3
184,session_2021-07-19-11_23_10.csv,150,721,397,300,False,2,train,2
185,session_2021-06-28-21_45_25.csv,150,691,290,300,True,3,train,2
186,session_2021-06-28-17_45_55.csv,150,734,41,300,False,1,train,1
187,Group 2.csv,150,725,112,300,False,1,train,2
188,session_2021-07-19-11_42_07.csv,150,718,119,300,True,2,train,1
189,Group 2.csv,150,725,12,300,False,3,train,3
190,session_2021-07-19-11_29_30.csv,150,721,321,300,False,2,train,2
191,session_2021-06-29-22_37_01.csv,150,723,40,300,False,3,train,3
192,session_2021-06-29-22_49_16.csv,150,721,65,300,True,1,train,2
193,session_2021-06-28-17_43_10.csv,150,672,69,300,True,1,train,1
194,session_2021-06-29-22_17_56.csv,150,720,46,300,True,1,train,1
195,session_2021-06-28-17_44_26.csv,150,688,62,300,True,3,train,3
196,session_2021-07-19-11_26_06.csv,150,719,324,300,False,2,train,2
197,session_2021-06-29-22_39_33.csv,150,719,180,300,False,3,train,1
198,session_2021-06-28-17_56_16.csv,150,700,364,300,True,2,train,1
199,session_2021-06-28-21_47_59.csv,150,721,370,300,False,1,train,3
200,session_2021-06-28-17_43_10.csv,150,672,47,300,True,1,train,1
201,Group 2.csv,150,725,77,300,True,3,train,3
202,session_2021-06-29-22_37_01.csv,150,723,236,300,True,2,train,2
203,session_2021-07-19-11_25_13.csv,150,690,218,300,True,3,train,3
204,session_2021-07-19-11_24_09.csv,150,687,25,300,False,2,train,2
205,Group 2.csv,150,725,97,300,False,1,train,2
206,session_2021-06-28-17_51_17.csv,150,718,41,300,True,2,train,1
207,Group 2.csv,150,725,29,300,True,3,train,2
208,session_2021-06-29-20_09_40.csv,150,718,390,300,False,1,train,2
209,session_2021-07-19-11_37_12.csv,150,720,91,300,False,3,train,1
210,Group 2.csv,150,725,420,300,True,3,train,2
211,session_2021-06-28-17_45_55.csv,150,734,258,300,True,1,train,1
212,session_2021-07-19-11_39_04.csv,150,658,259,300,True,2,train,1
213,session_2021-07-19-11_23_10.csv,150,721,88,300,True,3,train,3
214,Group 2.csv,150,725,100,300,True,3,train,3
215,session_2021-07-19-11_33_06.csv,150,658,327,300,False,3,train,3
216,session_2021-06-28-21_44_21.csv,150,717,281,300,True,3,train,3
217,Group 2.csv,150,725,251,300,True,3,train,3
218,session_2021-06-28-17_51_17.csv,150,718,377,300,False,3,train,1
219,session_2021-07-19-11_23_10.csv,150,721,261,300,True,3,train,3
220,Group 2.csv,150,725,360,300,True,2,train,2
221,session_2021-06-28-17_52_22.csv,150,719,104,300,True,1,train,1
222,session_2021-07-19-11_37_12.csv,150,720,343,300,True,2,train,2
223,Group 2.csv,150,725,60,300,True,2,train,3
224,session_2021-06-29-22_37_01.csv,150,723,320,300,False,3,train,3
225,session_2021-06-28-17_47_03.csv,150,721,328,300,False,2,train,2
226,session_2021-06-28-21_54_19.csv,150,723,125,300,False,3,train,1
227,session_2021-06-29-22_35_49.csv,150,705,382,300,False,3,train,3
228,session_2021-07-19-11_26_06.csv,150,719,267,300,True,3,train,3
229,session_2021-07-19-11_23_10.csv,150,721,94,300,True,3,train,3
230,session_2021-06-29-22_24_14.csv,150,715,284,300,False,2,train,2
231,session_2021-06-28-21_47_59.csv,150,721,54,300,True,1,train,2
232,session_2021-07-19-11_33_06.csv,150,658,300,300,True,2,train,2
233,session_2021-06-29-22_45_06.csv,150,690,40,300,True,2,train,2
234,session_2021-06-28-17_56_16.csv,150,700,307,300,False,3,train,1
235,Group 2.csv,150,725,184,300,False,2,train,3
236,session_2021-06-29-22_26_44.csv,150,703,396,300,True,3,train,3
237,session_2021-06-28-21_46_21.csv,150,708,269,300,True,1,train,2
238,Group 2.csv,150,725,208,300,True,2,train,2
239,session_2021-06-29-22_35_49.csv,150,705,13,300,False,3,train,1
240,session_2021-07-19-11_40_00.csv,150,714,266,300,False,3,train,1
241,session_2021-07-19-11_29_30.csv,150,721,131,300,False,2,train,2
242,session_2021-07-19-11_33_06.csv,150,658,269,300,False,3,train,3
243,Group 2.csv,150,725,257,300,False,2,train,2
244,Group 2.csv,150,725,285,300,False,3,train,2
245,session_2021-06-28-17_52_22.csv,150,719,259,300,True,1,train,1
246,session_2021-07-19-11_24_09.csv,150,687,344,300,True,3,train,3
247,session_2021-07-19-11_42_07.csv,150,718,59,300,False,3,train,1
248,session_2021-07-19-11_33_06.csv,150,658,336,300,False,3,train,3
249,session_2021-07-19-11_22_11.csv,150,627,11,300,False,2,train,2
250,session_2021-06-29-22_35_49.csv,150,705,331,300,True,2,train,2
251,session_2021-07-19-11_24_09.csv,150,687,100,300,True,3,train,3
252,session_2021-06-29-22_37_01.csv,150,723,389,300,False,3,train,3
253,session_2021-07-19-11_25_13.csv,150,690,271,300,False,2,train,2
254,session_2021-06-28-21_37_46.csv,150,716,359,300,False,1,train,2
255,session_2021-06-29-20_11_21.csv,150,719,229,300,True,3,train,3
256,session_2021-06-28-21_45_25.csv,150,691,83,300,True,3,train,2
257,session_2021-07-19-11_39_04.csv,150,658,168,300,True,2,train,1
258,session_2021-06-29-20_11_21.csv,150,719,405,300,True,3,train,3
259,session_2021-06-28-21_37_46.csv,150,716,91,300,False,1,train,2
260,Group 2.csv,150,725,108,300,True,1,train,3
261,session_2021-06-29-22_15_53.csv,150,696,345,300,False,1,train,2
262,session_2021-07-19-11_29_30.csv,150,721,281,300,False,2,train,2
263,Group 2.csv,150,725,58,300,False,2,train,3
264,session_2021-06-28-21_54_19.csv,150,723,365,300,True,2,train,2
265,session_2021-07-19-11_39_04.csv,150,658,79,300,True,2,train,1
266,session_2021-06-28-17_43_10.csv,150,672,292,300,True,1,train,1
267,session_2021-06-29-22_49_16.csv,150,721,216,300,False,1,train,3
268,session_2021-06-28-17_57_27.csv,150,643,209,300,True,1,train,1
269,session_2021-06-28-17_45_55.csv,150,734,125,300,False,1,train,1
270,session_2021-06-29-22_23_10.csv,150,716,410,300,False,1,train,1
271,session_2021-06-29-08_27_11.csv,150,719,6,300,False,1,train,1
272,session_2021-06-29-22_17_56.csv,150,720,164,300,False,1,train,1
273,session_2021-07-19-11_23_10.csv,150,721,340,300,False,2,train,2
274,session_2021-06-28-21_56_20.csv,150,646,107,300,True,2,train,1
275,session_2021-06-29-22_45_06.csv,150,690,362,300,True,2,train,2
276,session_2021-06-29-22_43_51.csv,150,722,286,300,False,3,train,3
277,session_2021-07-19-11_22_11.csv,150,627,261,300,False,2,train,2
278,session_2021-06-28-21_58_23.csv,150,722,164,300,True,1,train,2
279,Group 2.csv,150,725,42,300,True,2,train,2
280,session_2021-06-29-22_19_19.csv,150,704,109,300,False,1,train,1
281,session_2021-06-28-21_40_11.csv,150,736,329,300,False,1,train,3
282,session_2021-06-28-21_44_21.csv,150,717,320,300,True,3,train,3
283,session_2021-07-19-11_22_11.csv,150,627,96,300,False,2,train,2
284,session_2021-06-28-21_37_46.csv,150,716,396,300,False,1,train,2
285,session_2021-06-29-22_45_06.csv,150,690,19,300,True,2,train,2
286,session_2021-07-19-11_39_04.csv,150,658,251,300,True,2,train,1
287,session_2021-06-28-21_56_20.csv,150,646,223,300,False,3,train,1
288,session_2021-06-28-21_45_25.csv,150,691,361,300,False,2,train,1
289,Group 2.csv,150,725,276,300,True,2,train,2
290,Group 2.csv,150,725,56,300,False,2,train,3
291,Group 2.csv,150,725,68,300,True,2,train,3
292,Group 2.csv,150,725,88,300,True,1,train,3
293,session_2021-06-29-22_26_44.csv,150,703,118,300,False,2,train,2
294,session_2021-07-19-11_24_09.csv,150,687,51,300,True,3,train,3
295,session_2021-07-19-11_22_11.csv,150,627,59,300,True,3,train,3
296,Group 2.csv,150,725,68,300,True,3,train,3
297,session_2021-06-28-21_51_04.csv,150,717,332,300,False,3,train,3
298,Group 2.csv,150,725,61,300,True,3,train,3
299,Group 2.csv,150,725,61,300,True,1,train,3
300,session_2021-06-29-22_26_44.csv,150,703,162,300,False,2,train,2
301,session_2021-06-28-21_37_46.csv,150,716,273,300,True,1,train,1
302,session_2021-06-29-22_24_14.csv,150,715,138,300,True,3,train,3
303,session_2021-07-19-11_33_06.csv,150,658,338,300,False,3,train,3
304,Group 2.csv,150,725,212,300,True,2,train,2
305,session_2021-06-28-21_58_23.csv,150,722,4,300,False,1,train,3
306,Group 2.csv,150,725,402,300,False,1,train,1
307,session_2021-06-28-21_46_21.csv,150,708,336,300,True,1,train,2
308,session_2021-06-29-22_42_47.csv,150,704,9,300,True,2,train,2
309,session_2021-06-29-22_23_10.csv,150,716,304,300,True,1,train,2
310,Group 2.csv,150,725,147,300,False,2,train,2
311,Group 2.csv,150,725,178,300,False,2,train,3
312,Group 2.csv,150,725,308,300,False,3,train,2
313,session_2021-07-19-11_39_04.csv,150,658,249,300,True,2,train,1
314,session_2021-07-19-11_39_04.csv,150,658,285,300,False,3,train,1
315,Group 2.csv,150,725,24,300,False,1,train,3
316,session_2021-06-29-22_42_47.csv,150,704,47,300,True,2,train,2
317,session_2021-07-19-11_37_12.csv,150,720,413,300,False,3,train,1
318,session_2021-07-19-11_30_59.csv,150,719,83,300,False,3,train,3
319,Group 2.csv,150,725,252,300,True,3,train,3
320,Group 2.csv,150,725,129,300,True,3,train,3
321,session_2021-06-28-17_56_16.csv,150,700,258,300,False,3,train,1
322,session_2021-07-19-11_37_12.csv,150,720,210,300,False,3,train,1
323,Group 2.csv,150,725,2,300,True,1,train,1
324,session_2021-07-19-11_39_04.csv,150,658,300,300,False,3,train,1
325,Group 2.csv,150,725,336,300,True,2,train,1
326,session_2021-06-28-21_37_46.csv,150,716,114,300,False,1,train,2
327,session_2021-06-28-17_43_10.csv,150,672,143,300,True,1,train,1
328,session_2021-06-29-22_23_10.csv,150,716,375,300,True,1,train,2
329,session_2021-06-29-22_35_49.csv,150,705,389,300,True,2,train,2
330,session_2021-06-29-22_23_10.csv,150,716,225,300,False,1,train,1
331,session_2021-06-29-22_42_47.csv,150,704,312,300,True,2,train,2
332,session_2021-06-29-22_39_33.csv,150,719,116,300,False,3,train,3
333,Group 2.csv,150,725,389,300,False,2,train,1
334,Group 2.csv,150,725,205,300,False,3,train,3
335,session_2021-07-19-11_42_07.csv,150,718,374,300,True,2,train,2
336,Group 2.csv,150,725,153,300,True,3,train,3
337,Group 2.csv,150,725,289,300,False,2,train,2
338,session_2021-06-29-22_19_19.csv,150,704,285,300,True,1,train,1
339,session_2021-07-19-11_30_59.csv,150,719,296,300,True,2,train,2
340,session_2021-06-29-22_35_49.csv,150,705,235,300,True,2,train,2
341,session_2021-07-19-11_30_59.csv,150,719,415,300,True,2,train,2
342,session_2021-07-19-11_30_59.csv,150,719,33,300,True,2,train,2
343,session_2021-06-29-22_49_16.csv,150,721,384,300,False,1,train,3
344,Group 2.csv,150,725,227,300,False,1,train,3
345,session_2021-07-19-11_22_11.csv,150,627,199,300,False,2,train,2
346,session_2021-06-28-17_57_27.csv,150,643,290,300,True,1,train,1
347,session_2021-06-29-22_37_01.csv,150,723,37,300,True,2,train,2
348,session_2021-07-19-11_25_13.csv,150,690,249,300,True,3,train,3
349,Group 2.csv,150,725,312,300,True,1,train,1
350,session_2021-06-28-21_47_59.csv,150,721,407,300,True,1,train,2
351,session_2021-07-19-11_42_07.csv,150,718,95,300,False,3,train,1
352,session_2021-06-28-17_44_26.csv,150,688,42,300,False,2,train,2
353,session_2021-06-28-17_47_03.csv,150,721,317,300,True,3,train,3
354,session_2021-06-28-21_56_20.csv,150,646,339,300,True,2,train,1
355,Group 2.csv,150,725,304,300,False,2,train,2
356,Group 2.csv,150,725,231,300,False,3,train,3
357,session_2021-06-28-21_44_21.csv,150,717,93,300,False,2,train,2
358,Group 2.csv,150,725,284,300,False,2,train,2
359,Group 2.csv,150,725,339,300,False,2,train,2
360,Group 2.csv,150,725,273,300,False,2,train,2
361,session_2021-06-29-22_15_53.csv,150,696,138,300,True,1,train,1
362,session_2021-07-19-11_24_09.csv,150,687,145,300,True,3,train,3
363,session_2021-06-29-22_49_16.csv,150,721,216,300,True,1,train,2
364,session_2021-06-28-21_54_19.csv,150,723,246,300,True,2,train,2
365,Group 2.csv,150,725,350,300,False,3,train,2
366,session_2021-07-19-11_23_10.csv,150,721,98,300,True,3,train,3
367,session_2021-07-19-11_33_06.csv,150,658,313,300,True,2,train,2
368,session_2021-06-28-21_58_23.csv,150,722,313,300,True,1,train,2
369,session_2021-06-28-21_45_25.csv,150,691,219,300,True,3,train,2
370,session_2021-06-28-17_56_16.csv,150,700,217,300,True,2,train,1
371,Group 2.csv,150,725,337,300,True,1,train,1
372,session_2021-06-29-20_06_51.csv,150,716,336,300,False,1,train,2
373,session_2021-06-28-17_47_03.csv,150,721,260,300,False,2,train,2
374,session_2021-06-29-20_11_21.csv,150,719,153,300,False,2,train,2
375,session_2021-06-28-17_51_17.csv,150,718,184,300,True,2,train,1
376,session_2021-06-28-17_44_26.csv,150,688,383,300,True,3,train,3
377,session_2021-07-19-11_42_07.csv,150,718,186,300,True,2,train,1
378,session_2021-06-28-17_43_10.csv,150,672,95,300,False,1,train,1
379,session_2021-06-29-08_27_11.csv,150,719,303,300,True,1,train,2
380,session_2021-06-28-21_50_01.csv,150,687,65,300,True,1,train,2
381,session_2021-06-28-17_44_26.csv,150,688,201,300,True,3,train,3
382,session_2021-06-28-17_52_22.csv,150,719,129,300,False,1,train,1
383,session_2021-07-19-11_33_06.csv,150,658,21,300,False,3,train,3
384,session_2021-06-28-17_45_55.csv,150,734,294,300,True,1,train,1
385,session_2021-06-29-22_19_19.csv,150,704,363,300,True,1,train,1
386,session_2021-06-28-17_47_03.csv,150,721,139,300,True,3,train,3
387,Group 2.csv,150,725,23,300,False,3,train,3
388,session_2021-07-19-11_29_30.csv,150,721,213,300,True,3,train,3
389,Group 2.csv,150,725,120,300,False,3,train,2
390,Group 2.csv,150,725,30,300,True,1,train,2
391,session_2021-06-29-22_26_44.csv,150,703,257,300,True,3,train,3
392,session_2021-06-28-21_50_01.csv,150,687,105,300,True,1,train,2
393,session_2021-06-29-22_39_33.csv,150,719,154,300,False,3,train,1
394,session_2021-06-29-22_23_10.csv,150,716,90,300,False,1,train,1
395,session_2021-07-19-11_29_30.csv,150,721,337,300,True,3,train,3
396,session_2021-06-29-20_11_21.csv,150,719,81,300,True,3,train,3
397,session_2021-07-19-11_22_11.csv,150,627,119,300,False,2,train,2
398,session_2021-06-28-21_54_19.csv,150,723,195,300,True,2,train,2
399,Group 2.csv,150,725,247,300,True,3,train,3
400,Group 2.csv,150,725,301,300,False,2,train,2
401,session_2021-06-29-22_45_06.csv,150,690,250,300,False,3,train,3
402,session_2021-06-28-17_56_16.csv,150,700,29,300,True,2,train,2
403,session_2021-06-28-21_50_01.csv,150,687,259,300,True,1,train,2
404,session_2021-06-28-17_45_55.csv,150,734,36,300,False,1,train,1
405,Group 2.csv,150,725,123,300,True,3,train,3
406,session_2021-06-28-21_51_04.csv,150,717,265,300,False,3,train,1
407,session_2021-07-19-11_23_10.csv,150,721,132,300,True,3,train,3
408,session_2021-06-28-17_57_27.csv,150,643,254,300,False,1,train,1
409,session_2021-07-19-11_40_00.csv,150,714,73,300,False,3,train,1
410,session_2021-06-29-22_49_16.csv,150,721,101,300,True,1,train,2
411,session_2021-06-28-17_51_17.csv,150,718,111,300,True,2,train,1
412,session_2021-06-28-21_44_21.csv,150,717,72,300,True,3,train,3
413,session_2021-06-28-17_51_17.csv,150,718,83,300,False,3,train,1
414,session_2021-07-19-11_26_06.csv,150,719,103,300,True,3,train,3
415,session_2021-07-19-11_40_00.csv,150,714,21,300,False,3,train,1
416,session_2021-06-28-17_52_22.csv,150,719,189,300,False,1,train,1
417,session_2021-06-28-21_50_01.csv,150,687,342,300,True,1,train,2
418,session_2021-06-28-17_51_17.csv,150,718,416,300,False,3,train,1
419,Group 2.csv,150,725,284,300,True,2,train,2
420,session_2021-06-29-22_26_44.csv,150,703,219,300,True,3,train,3
421,session_2021-06-29-20_06_51.csv,150,716,321,300,True,1,train,3
422,session_2021-06-28-17_44_26.csv,150,688,349,300,False,2,train,2
423,session_2021-06-29-22_39_33.csv,150,719,261,300,False,3,train,1
424,Group 2.csv,150,725,65,300,False,1,train,3
425,Group 2.csv,150,725,108,300,True,1,train,3
426,session_2021-06-28-21_45_25.csv,150,691,139,300,False,2,train,1
427,session_2021-06-29-22_49_16.csv,150,721,217,300,True,1,train,2
428,session_2021-06-28-21_46_21.csv,150,708,13,300,False,1,train,1
429,session_2021-07-19-11_33_06.csv,150,658,306,300,False,3,train,3
430,session_2021-06-28-17_57_27.csv,150,643,33,300,True,1,train,1
431,Group 2.csv,150,725,228,300,True,1,train,2
432,session_2021-06-29-22_19_19.csv,150,704,116,300,True,1,train,1
433,session_2021-06-29-22_49_16.csv,150,721,374,300,False,1,train,3
434,Group 2.csv,150,725,418,300,True,2,train,2
435,session_2021-06-28-21_40_11.csv,150,736,191,300,True,1,train,2
436,session_2021-07-19-11_24_09.csv,150,687,244,300,True,3,train,3
437,session_2021-07-19-11_42_07.csv,150,718,78,300,True,2,train,1
438,Group 2.csv,150,725,147,300,True,3,train,3
439,session_2021-06-29-22_26_44.csv,150,703,225,300,False,2,train,2
440,Group 2.csv,150,725,332,300,False,2,train,2
441,session_2021-07-19-11_26_06.csv,150,719,236,300,True,3,train,3
442,session_2021-06-29-20_09_40.csv,150,718,390,300,False,1,train,2
443,session_2021-06-28-21_51_04.csv,150,717,347,300,True,2,train,2
444,session_2021-06-29-22_35_49.csv,150,705,47,300,True,2,train,2
445,session_2021-07-19-11_37_12.csv,150,720,41,300,False,3,train,1
446,session_2021-06-29-22_43_51.csv,150,722,13,300,False,3,train,3
447,session_2021-06-28-17_47_03.csv,150,721,413,300,False,2,train,2
448,session_2021-06-29-22_23_10.csv,150,716,42,300,True,1,train,2
449,session_2021-06-29-22_42_47.csv,150,704,246,300,True,2,train,2
450,session_2021-07-19-11_22_11.csv,150,627,87,300,True,3,train,3
451,session_2021-06-29-22_42_47.csv,150,704,278,300,True,2,train,2
452,session_2021-06-28-17_56_16.csv,150,700,302,300,False,3,train,1
453,session_2021-06-28-21_58_23.csv,150,722,353,300,True,1,train,2
454,session_2021-07-19-11_26_06.csv,150,719,272,300,True,3,train,3
455,Group 2.csv,150,725,210,300,False,1,train,3
456,session_2021-06-28-17_44_26.csv,150,688,130,300,False,2,train,2
457,session_2021-06-29-20_06_51.csv,150,716,178,300,False,1,train,2
458,Group 2.csv,150,725,94,300,False,3,train,2
459,session_2021-06-29-20_11_21.csv,150,719,254,300,True,3,train,3
460,session_2021-06-29-22_15_53.csv,150,696,199,300,True,1,train,1
461,session_2021-06-28-21_50_01.csv,150,687,371,300,True,1,train,2
462,session_2021-06-29-22_45_06.csv,150,690,214,300,False,3,train,3
463,session_2021-06-28-17_57_27.csv,150,643,255,300,True,1,train,1
464,session_2021-06-28-17_43_10.csv,150,672,341,300,True,1,train,1
465,session_2021-06-28-17_52_22.csv,150,719,182,300,False,1,train,1
466,session_2021-07-19-11_23_10.csv,150,721,387,300,False,2,train,2
467,Group 2.csv,150,725,266,300,True,2,train,2
468,session_2021-07-19-11_30_59.csv,150,719,106,300,False,3,train,3
469,session_2021-06-28-17_57_27.csv,150,643,290,300,False,1,train,1
470,session_2021-06-29-22_37_01.csv,150,723,95,300,False,3,train,3
471,session_2021-06-28-21_40_11.csv,150,736,83,300,True,1,train,2
472,session_2021-07-19-11_29_30.csv,150,721,346,300,False,2,train,2
473,Group 2.csv,150,725,272,300,True,3,train,2
474,session_2021-06-28-21_44_21.csv,150,717,270,300,True,3,train,3
475,session_2021-06-28-21_40_11.csv,150,736,209,300,False,1,train,3
476,session_2021-06-28-21_40_11.csv,150,736,93,300,False,1,train,3
477,Group 2.csv,150,725,273,300,True,3,train,2
478,session_2021-06-29-22_43_51.csv,150,722,11,300,True,2,train,2
479,Group 2.csv,150,725,291,300,False,3,train,2
480,Group 2.csv,150,725,365,300,True,2,train,2
481,Group 2.csv,150,725,411,300,True,2,train,2
482,session_2021-07-19-11_25_13.csv,150,690,133,300,True,3,train,3
483,session_2021-06-28-21_47_59.csv,150,721,335,300,False,1,train,3
484,session_2021-06-29-22_24_14.csv,150,715,301,300,False,2,train,2
485,session_2021-06-28-21_40_11.csv,150,736,384,300,True,1,train,2
486,session_2021-06-28-21_47_59.csv,150,721,60,300,True,1,train,2
487,session_2021-06-28-21_58_23.csv,150,722,185,300,True,1,train,2
488,session_2021-06-28-21_50_01.csv,150,687,376,300,True,1,train,2
489,session_2021-06-29-20_06_51.csv,150,716,268,300,False,1,train,2
490,session_2021-06-28-21_54_19.csv,150,723,108,300,True,2,train,1
491,session_2021-06-29-08_27_11.csv,150,719,128,300,True,1,train,2
492,Group 2.csv,150,725,77,300,True,2,train,3
493,session_2021-06-28-21_46_21.csv,150,708,163,300,True,1,train,2
494,session_2021-06-29-20_09_40.csv,150,718,120,300,True,1,train,1
495,session_2021-06-29-08_27_11.csv,150,719,397,300,False,1,train,1
496,Group 2.csv,150,725,36,300,False,3,train,3
497,session_2021-06-28-17_44_26.csv,150,688,50,300,False,2,train,2
498,session_2021-06-28-21_46_21.csv,150,708,106,300,False,1,train,1
499,Group 2.csv,150,725,374,300,False,2,train,2
500,session_2021-06-29-22_35_49.csv,150,705,307,300,True,2,train,2
501,session_2021-06-28-17_52_22.csv,150,719,291,300,False,1,train,1
502,session_2021-06-28-21_58_23.csv,150,722,343,300,True,1,train,2
503,session_2021-06-29-22_42_47.csv,150,704,79,300,False,3,train,1
504,session_2021-06-29-22_17_56.csv,150,720,302,300,True,1,train,1
505,session_2021-06-28-17_56_16.csv,150,700,295,300,True,2,train,1
506,session_2021-07-19-11_25_13.csv,150,690,263,300,False,2,train,2
507,session_2021-06-29-22_43_51.csv,150,722,209,300,False,3,train,3
508,session_2021-06-28-21_45_25.csv,150,691,348,300,False,2,train,1
509,session_2021-06-29-22_23_10.csv,150,716,364,300,False,1,train,1
510,session_2021-06-28-17_43_10.csv,150,672,131,300,False,1,train,1
511,Group 2.csv,150,725,376,300,True,2,train,2
512,session_2021-06-28-21_51_04.csv,150,717,330,300,True,2,train,2
513,session_2021-06-28-21_45_25.csv,150,691,256,300,True,3,train,2
514,session_2021-06-28-17_57_27.csv,150,643,176,300,False,1,train,1
515,Group 2.csv,150,725,337,300,False,3,train,2
516,session_2021-06-28-21_44_21.csv,150,717,87,300,True,3,train,3
517,session_2021-06-28-21_37_46.csv,150,716,241,300,False,1,train,2
518,Group 2.csv,150,725,37,300,False,3,train,3
519,session_2021-06-28-21_51_04.csv,150,717,415,300,True,2,train,2
520,Group 2.csv,150,725,61,300,True,2,train,3
521,session_2021-06-29-22_42_47.csv,150,704,347,300,True,2,train,2
522,Group 2.csv,150,725,27,300,False,2,train,3
523,Group 2.csv,150,725,312,300,True,1,train,1
524,session_2021-06-29-22_42_47.csv,150,704,48,300,True,2,train,2
525,session_2021-06-29-22_45_06.csv,150,690,29,300,True,2,train,2
526,Group 2.csv,150,725,158,300,False,2,train,2
527,Group 2.csv,150,725,62,300,True,3,train,3
528,session_2021-06-28-21_46_21.csv,150,708,326,300,True,1,train,2
529,session_2021-06-28-17_51_17.csv,150,718,287,300,False,3,train,1
530,session_2021-06-29-20_09_40.csv,150,718,3,300,True,1,train,1
531,session_2021-06-29-08_27_11.csv,150,719,51,300,True,1,train,2
532,Group 2.csv,150,725,212,300,False,3,train,3
533,session_2021-06-28-17_47_03.csv,150,721,184,300,True,3,train,3
534,session_2021-06-29-22_24_14.csv,150,715,222,300,True,3,train,3
535,session_2021-06-29-22_35_49.csv,150,705,120,300,False,3,train,3
536,session_2021-06-28-17_52_22.csv,150,719,24,300,True,1,train,1
537,session_2021-07-19-11_23_10.csv,150,721,154,300,True,3,train,3
538,session_2021-07-19-11_22_11.csv,150,627,278,300,True,3,train,3
539,session_2021-06-29-22_43_51.csv,150,722,157,300,True,2,train,2
540,Group 2.csv,150,725,241,300,False,2,train,3
541,session_2021-06-29-22_39_33.csv,150,719,0,300,False,3,train,3
542,session_2021-06-28-21_51_04.csv,150,717,186,300,True,2,train,2
543,session_2021-06-29-22_35_49.csv,150,705,157,300,True,2,train,2
544,session_2021-06-29-22_39_33.csv,150,719,368,300,True,2,train,2
545,Group 2.csv,150,725,260,300,False,3,train,2
546,session_2021-06-29-08_27_11.csv,150,719,73,300,False,1,train,1
547,Group 2.csv,150,725,99,300,True,3,train,3
548,session_2021-06-28-21_58_23.csv,150,722,419,300,False,1,train,3
549,session_2021-06-29-22_49_16.csv,150,721,167,300,False,1,train,3
550,Group 2.csv,150,725,329,300,True,1,train,1
551,session_2021-06-28-21_47_59.csv,150,721,208,300,False,1,train,3
552,session_2021-07-19-11_40_00.csv,150,714,226,300,True,2,train,1
553,session_2021-06-28-21_45_25.csv,150,691,22,300,True,3,train,2
554,Group 2.csv,150,725,312,300,True,1,train,1
555,Group 2.csv,150,725,285,300,False,2,train,2
556,session_2021-07-19-11_42_07.csv,150,718,7,300,False,3,train,1
557,session_2021-06-29-20_06_51.csv,150,716,114,300,False,1,train,2
558,session_2021-06-28-21_56_20.csv,150,646,340,300,False,3,train,1
559,session_2021-06-28-17_45_55.csv,150,734,94,300,False,1,train,1
560,session_2021-06-29-22_24_14.csv,150,715,99,300,False,2,train,2
561,Group 2.csv,150,725,220,300,False,2,train,3
562,session_2021-07-19-11_25_13.csv,150,690,183,300,True,3,train,3
563,session_2021-06-29-22_43_51.csv,150,722,112,300,True,2,train,2
564,session_2021-07-19-11_29_30.csv,150,721,395,300,True,3,train,3
565,session_2021-07-19-11_25_13.csv,150,690,180,300,False,2,train,2
566,session_2021-06-29-22_17_56.csv,150,720,152,300,True,1,train,1
567,session_2021-06-28-17_51_17.csv,150,718,25,300,False,3,train,1
568,session_2021-06-28-21_56_20.csv,150,646,171,300,True,2,train,1
569,session_2021-06-28-17_43_10.csv,150,672,279,300,True,1,train,1
570,session_2021-06-29-20_06_51.csv,150,716,229,300,True,1,train,3
571,session_2021-07-19-11_26_06.csv,150,719,129,300,False,2,train,2
572,session_2021-07-19-11_33_06.csv,150,658,271,300,False,3,train,3
573,session_2021-06-28-21_54_19.csv,150,723,197,300,False,3,train,1
574,session_2021-06-29-20_09_40.csv,150,718,102,300,False,1,train,2
575,Group 2.csv,150,725,340,300,False,2,train,2
576,session_2021-06-29-22_37_01.csv,150,723,6,300,True,2,train,2
577,session_2021-06-29-22_24_14.csv,150,715,344,300,True,3,train,3
578,session_2021-06-28-21_37_46.csv,150,716,39,300,True,1,train,3
579,session_2021-06-28-17_56_16.csv,150,700,297,300,True,2,train,1
580,session_2021-06-29-22_15_53.csv,150,696,78,300,False,1,train,1
581,session_2021-06-29-22_23_10.csv,150,716,10,300,False,1,train,1
582,Group 2.csv,150,725,221,300,True,2,train,2
583,Group 2.csv,150,725,119,300,True,2,train,3
584,Group 2.csv,150,725,8,300,True,1,train,1
585,session_2021-06-28-17_52_22.csv,150,719,300,300,False,1,train,1
586,session_2021-06-29-20_06_51.csv,150,716,100,300,True,1,train,3
587,session_2021-07-19-11_24_09.csv,150,687,301,300,True,3,train,3
588,Group 2.csv,150,725,50,300,True,2,train,3
589,session_2021-07-19-11_24_09.csv,150,687,226,300,True,3,train,3
590,session_2021-07-19-11_26_06.csv,150,719,391,300,True,3,train,3
591,session_2021-06-29-22_49_16.csv,150,721,368,300,False,1,train,3
592,session_2021-06-29-22_45_06.csv,150,690,179,300,True,2,train,2
593,session_2021-06-28-21_46_21.csv,150,708,274,300,False,1,train,1
594,Group 2.csv,150,725,178,300,False,3,train,3
595,Group 2.csv,150,725,143,300,True,2,train,3
596,session_2021-06-29-22_17_56.csv,150,720,135,300,True,1,train,1
597,Group 2.csv,150,725,378,300,False,1,train,2
598,session_2021-06-28-21_37_46.csv,150,716,414,300,True,1,train,3
599,session_2021-06-28-21_44_21.csv,150,717,276,300,False,2,train,2
600,session_2021-06-28-17_45_55.csv,150,734,42,300,False,1,train,1
601,session_2021-06-28-21_56_20.csv,150,646,123,300,False,3,train,1
602,Group 2.csv,150,725,198,300,True,3,train,2
603,session_2021-06-29-20_09_40.csv,150,718,125,300,True,1,train,1
604,session_2021-06-28-21_46_21.csv,150,708,314,300,True,1,train,2
605,session_2021-06-28-21_40_11.csv,150,736,201,300,False,1,train,3
606,Group 2.csv,150,725,147,300,False,3,train,2
607,session_2021-06-29-22_45_06.csv,150,690,150,300,True,2,train,2
608,session_2021-06-28-21_50_01.csv,150,687,182,300,True,1,train,2
609,session_2021-06-28-17_43_10.csv,150,672,180,300,True,1,train,1
610,session_2021-06-29-08_25_10.csv,150,645,172,300,False,2,val,2
611,Group 2.csv,150,725,212,300,False,1,val,3
612,Group 2.csv,150,725,212,300,False,3,val,3
613,session_2021-06-29-08_24_02.csv,150,718,209,300,False,1,val,1
614,session_2021-06-28-17_50_06.csv,150,717,208,300,False,1,val,1
615,Group 2.csv,150,725,212,300,False,3,val,3
616,session_2021-07-19-11_21_15.csv,150,689,194,300,False,2,val,2
617,session_2021-07-19-11_19_04.csv,150,717,208,300,False,2,val,2
618,Group 2.csv,150,725,212,300,False,2,val,3
619,session_2021-06-28-21_55_21.csv,150,706,203,300,False,1,val,3
620,Group 2.csv,150,725,212,300,False,3,val,3
621,session_2021-07-19-11_20_13.csv,150,720,210,300,False,2,val,2
622,Group 2.csv,150,725,212,300,False,3,val,3
623,session_2021-07-19-11_36_12.csv,150,723,211,300,False,3,val,1
624,Group 2.csv,150,725,212,300,False,1,val,3
625,session_2021-07-19-11_41_07.csv,150,720,210,300,False,3,test,1
626,Group 2.csv,150,725,212,300,False,1,test,3
627,Group 2.csv,150,725,212,300,False,2,test,3
628,session_2021-07-19-11_32_02.csv,150,718,209,300,False,3,test,3
629,Group 2.csv,150,725,212,300,False,3,test,3
630,Group 2.csv,150,725,212,300,False,3,test,3
631,session_2021-06-28-21_57_23.csv,150,705,202,300,False,1,test,3
632,session_2021-06-28-21_43_21.csv,150,676,188,300,False,2,test,2
633,session_2021-06-29-20_08_31.csv,150,721,210,300,False,2,test,2
634,session_2021-06-29-22_27_44.csv,150,645,172,300,False,1,test,1
635,session_2021-06-29-20_12_31.csv,150,720,210,300,False,1,test,1
636,session_2021-06-29-22_22_10.csv,150,721,210,300,False,2,test,2
637,session_2021-07-19-11_38_07.csv,150,705,202,300,False,3,test,1
638,session_2021-06-29-22_29_03.csv,150,703,201,300,False,1,test,1
639,Group 2.csv,150,725,212,300,False,2,test,3
